{"stats":{"minecraft:picked_up":{"minecraft:wooden_axe":2,"minecraft:netherite_boots":1,"minecraft:leather_chestplate":3,"minecraft:purple_wool":1,"minecraft:splash_potion":8,"minecraft:magma_cream":13,"minecraft:rabbit_stew":7,"minecraft:leather_leggings":1,"minecraft:leather":2,"minecraft:wooden_pickaxe":1,"minecraft:beacon":1,"minecraft:diamond_sword":1,"minecraft:potato":20,"minecraft:enchanted_book":4,"minecraft:potion":3,"minecraft:chainmail_chestplate":1,"minecraft:blue_concrete":3,"minecraft:shield":2,"minecraft:lapis_lazuli":21,"minecraft:cooked_mutton":2,"minecraft:leather_boots":1,"minecraft:vex_spawn_egg":1,"minecraft:bone":10,"minecraft:bow":2,"lucky:lucky_sword":1,"minecraft:iron_ingot":10,"minecraft:beef":2,"minecraft:ender_eye":6,"minecraft:rabbit":9,"minecraft:enchanted_golden_apple":1,"lucky_blocks_ultimate_2:ruby_armor_boots":1,"minecraft:stick":1,"minecraft:sheep_spawn_egg":1,"minecraft:torch":6,"minecraft:poisonous_potato":6,"lucky_blocks_ultimate_2:bomb":1,"minecraft:chainmail_leggings":1,"minecraft:diamond_block":1,"minecraft:prismarine_crystals":7,"minecraft:diamond":23,"minecraft:leather_helmet":2,"lucky_blocks_ultimate_2:obsidian_armor_chestplate":1,"minecraft:tnt":8,"minecraft:quartz_block":25,"minecraft:phantom_spawn_egg":1,"minecraft:diamond_chestplate":1,"minecraft:arrow":25,"minecraft:rotten_flesh":4,"lucky_blocks_ultimate_2:orb_of_confusion":1,"minecraft:tropical_fish_spawn_egg":1,"lucky_blocks_ultimate_2:jade_armor_helmet":1,"minecraft:diamond_boots":2,"minecraft:sandstone_stairs":6,"minecraft:diamond_axe":1,"minecraft:painting":8,"minecraft:bone_meal":2,"minecraft:golden_apple":2,"minecraft:gold_ingot":21,"minecraft:emerald":29,"minecraft:jack_o_lantern":2,"minecraft:baked_potato":9,"minecraft:ravager_spawn_egg":2,"minecraft:blaze_rod":1,"minecraft:nether_star":1,"minecraft:panda_spawn_egg":1,"minecraft:diamond_pickaxe":1,"minecraft:ender_pearl":12},"minecraft:custom":{"minecraft:interact_with_anvil":1,"minecraft:mob_kills":6,"minecraft:interact_with_crafting_table":1,"minecraft:time_since_death":695,"minecraft:time_since_rest":747,"minecraft:walk_one_cm":74395,"minecraft:sprint_one_cm":77595,"minecraft:damage_taken":8170,"minecraft:damage_blocked_by_shield":75,"minecraft:drop":155,"minecraft:damage_dealt":413,"minecraft:talked_to_villager":4,"minecraft:fly_one_cm":92066,"minecraft:walk_under_water_one_cm":30,"minecraft:open_chest":4,"minecraft:crouch_one_cm":6,"minecraft:play_time":28350,"minecraft:deaths":28,"minecraft:sneak_time":48,"minecraft:jump":354,"minecraft:walk_on_water_one_cm":337,"minecraft:total_world_time":28350,"minecraft:fall_one_cm":14310},"minecraft:mined":{"lucky_blocks_ultimate_2:classic_lucky_block":1,"minecraft:jack_o_lantern":1,"lucky_blocks_ultimate_2:amethyst_lucky_block":1,"lucky_blocks_ultimate_2:nether_lucky_block":2,"lucky_blocks_ultimate_2:nuclear_lucky_block":1,"lucky_blocks_ultimate_2:gem_lucky_block":3,"minecraft:fire":10,"minecraft:diamond_block":1,"minecraft:iron_bars":1,"lucky_blocks_ultimate_2:murder_drones_lucky_block":1,"lucky_blocks_ultimate_2:sculk_lucky_block":1,"lucky:lucky_block":65,"lucky_blocks_ultimate_2:debug_lucky_block":1},"minecraft:dropped":{"minecraft:enchanted_book":4,"minecraft:lapis_lazuli":21,"minecraft:ravager_spawn_egg":2,"minecraft:blaze_rod":1,"minecraft:nether_star":1,"minecraft:sandstone_stairs":6,"minecraft:poisonous_potato":6,"minecraft:rotten_flesh":4,"minecraft:prismarine_crystals":7,"minecraft:blue_concrete":3,"minecraft:leather":2,"minecraft:phantom_spawn_egg":1,"minecraft:ender_eye":6,"lucky_blocks_ultimate_2:jade_armor_helmet":1,"minecraft:leather_helmet":2,"minecraft:stick":1,"minecraft:emerald":29,"minecraft:potato":20,"minecraft:leather_chestplate":4,"minecraft:panda_spawn_egg":1,"minecraft:torch":6,"minecraft:wooden_axe":2,"minecraft:quartz_block":16,"minecraft:rabbit":9,"minecraft:gold_nugget":1,"minecraft:leather_boots":1,"lucky_blocks_ultimate_2:ruby_armor_boots":1,"minecraft:jack_o_lantern":2,"minecraft:potion":1,"minecraft:painting":8,"minecraft:bone_meal":2,"minecraft:rabbit_stew":7,"minecraft:beacon":1,"minecraft:bow":1,"minecraft:purple_wool":1,"minecraft:beef":2,"minecraft:wooden_pickaxe":1,"minecraft:magma_cream":13,"minecraft:splash_potion":1,"minecraft:bone":10},"minecraft:broken":{"minecraft:leather_leggings":1},"minecraft:killed":{"minecraft:zombie_horse":1,"minecraft:llama":1,"minecraft:skeleton_horse":1,"minecraft:cow":1,"minecraft:blaze":1},"minecraft:killed_by":{"minecraft:player":1,"minecraft:skeleton":1,"minecraft:creeper":2,"minecraft:blaze":1,"minecraft:wither":1,"minecraft:slime":3,"minecraft:llama":1},"minecraft:used":{"minecraft:ender_pearl":5,"minecraft:shield":1,"lucky_blocks_ultimate_2:jade_armor_helmet":1,"minecraft:diamond_axe":1,"minecraft:sheep_spawn_egg":1,"minecraft:vex_spawn_egg":1,"minecraft:diamond_pickaxe":30,"minecraft:apple":2,"minecraft:tropical_fish_spawn_egg":1,"minecraft:diamond_sword":5,"minecraft:bow":10,"minecraft:splash_potion":5},"minecraft:crafted":{"minecraft:diamond_helmet":1}},"DataVersion":3465}