{"stats":{"minecraft:picked_up":{"minecraft:netherite_boots":1,"minecraft:leather_chestplate":2,"minecraft:splash_potion":7,"minecraft:magma_cream":13,"minecraft:rabbit_stew":7,"minecraft:leather_leggings":1,"minecraft:leather":2,"minecraft:diamond_sword":1,"minecraft:potato":18,"minecraft:potion":3,"minecraft:shield":2,"minecraft:leather_boots":1,"minecraft:vex_spawn_egg":1,"minecraft:bone":10,"minecraft:bow":2,"minecraft:beef":2,"minecraft:ender_eye":6,"lucky_blocks_ultimate_2:ruby_armor_boots":1,"minecraft:stick":1,"minecraft:sheep_spawn_egg":1,"minecraft:torch":6,"minecraft:poisonous_potato":6,"lucky_blocks_ultimate_2:bomb":1,"minecraft:prismarine_crystals":7,"minecraft:leather_helmet":2,"lucky_blocks_ultimate_2:obsidian_armor_chestplate":1,"minecraft:quartz_block":16,"minecraft:phantom_spawn_egg":1,"minecraft:arrow":25,"minecraft:rotten_flesh":4,"lucky_blocks_ultimate_2:orb_of_confusion":1,"minecraft:tropical_fish_spawn_egg":1,"lucky_blocks_ultimate_2:jade_armor_helmet":1,"minecraft:sandstone_stairs":6,"minecraft:diamond_axe":1,"minecraft:bone_meal":2,"minecraft:baked_potato":8,"minecraft:ravager_spawn_egg":2,"minecraft:blaze_rod":1,"minecraft:panda_spawn_egg":1,"minecraft:diamond_pickaxe":1,"minecraft:ender_pearl":12},"minecraft:custom":{"minecraft:mob_kills":4,"minecraft:time_since_death":1656,"minecraft:time_since_rest":1690,"minecraft:walk_one_cm":43700,"minecraft:sprint_one_cm":30973,"minecraft:damage_taken":4750,"minecraft:damage_blocked_by_shield":75,"minecraft:drop":118,"minecraft:damage_dealt":230,"minecraft:talked_to_villager":4,"minecraft:fly_one_cm":33800,"minecraft:open_chest":1,"minecraft:crouch_one_cm":6,"minecraft:play_time":16350,"minecraft:deaths":16,"minecraft:sneak_time":48,"minecraft:jump":136,"minecraft:total_world_time":16350,"minecraft:fall_one_cm":3555},"minecraft:mined":{"lucky_blocks_ultimate_2:classic_lucky_block":1,"lucky_blocks_ultimate_2:amethyst_lucky_block":1,"lucky_blocks_ultimate_2:nether_lucky_block":2,"lucky_blocks_ultimate_2:nuclear_lucky_block":1,"lucky_blocks_ultimate_2:gem_lucky_block":3,"minecraft:fire":10,"lucky_blocks_ultimate_2:murder_drones_lucky_block":1,"lucky_blocks_ultimate_2:sculk_lucky_block":1,"lucky:lucky_block":29,"lucky_blocks_ultimate_2:debug_lucky_block":1},"minecraft:dropped":{"minecraft:ravager_spawn_egg":2,"minecraft:blaze_rod":1,"minecraft:sandstone_stairs":6,"minecraft:poisonous_potato":6,"minecraft:rotten_flesh":4,"minecraft:prismarine_crystals":7,"minecraft:leather":2,"minecraft:phantom_spawn_egg":1,"minecraft:ender_eye":6,"minecraft:leather_helmet":2,"minecraft:stick":1,"minecraft:potato":18,"minecraft:leather_chestplate":1,"minecraft:panda_spawn_egg":1,"minecraft:torch":6,"minecraft:quartz_block":16,"minecraft:leather_boots":1,"minecraft:potion":1,"minecraft:bone_meal":2,"minecraft:rabbit_stew":7,"minecraft:bow":1,"minecraft:beef":2,"minecraft:magma_cream":13,"minecraft:splash_potion":1,"minecraft:bone":10},"minecraft:killed":{"minecraft:zombie_horse":1,"minecraft:cow":1,"minecraft:blaze":1},"minecraft:killed_by":{"minecraft:creeper":1,"minecraft:blaze":1},"minecraft:used":{"minecraft:ender_pearl":5,"minecraft:shield":1,"lucky_blocks_ultimate_2:jade_armor_helmet":1,"minecraft:diamond_axe":1,"minecraft:sheep_spawn_egg":1,"minecraft:vex_spawn_egg":1,"minecraft:diamond_pickaxe":21,"minecraft:apple":2,"minecraft:tropical_fish_spawn_egg":1,"minecraft:bow":10,"minecraft:splash_potion":3}},"DataVersion":3465}