{"stats":{"minecraft:picked_up":{"minecraft:shield":1},"minecraft:custom":{"minecraft:jump":28,"minecraft:time_since_rest":2623,"minecraft:crouch_one_cm":6,"minecraft:sprint_one_cm":4241,"minecraft:walk_one_cm":4689,"minecraft:play_time":4350,"minecraft:damage_taken":2160,"minecraft:time_since_death":2593,"minecraft:deaths":9,"minecraft:sneak_time":16,"minecraft:total_world_time":4350,"minecraft:talked_to_villager":3,"minecraft:fall_one_cm":1254,"minecraft:fly_one_cm":13813},"minecraft:mined":{"lucky_blocks_ultimate_2:gem_lucky_block":1,"lucky:lucky_block":1}},"DataVersion":3465}