{"stats":{"minecraft:picked_up":{"minecraft:wooden_axe":2,"minecraft:fishing_rod":1,"minecraft:iron_chestplate":1,"minecraft:purple_wool":1,"minecraft:splash_potion":8,"minecraft:leather_leggings":3,"minecraft:rabbit_stew":7,"minecraft:diamond_sword":1,"minecraft:wooden_pickaxe":1,"minecraft:potion":3,"minecraft:enchanted_book":4,"minecraft:diamond_horse_armor":1,"minecraft:shield":3,"minecraft:blue_concrete":3,"minecraft:iron_leggings":1,"minecraft:vex_spawn_egg":1,"minecraft:pufferfish":3,"minecraft:diamond_leggings":1,"lucky:lucky_sword":1,"minecraft:bucket":2,"minecraft:beef":2,"minecraft:ender_eye":6,"lucky_blocks_ultimate_2:totem_of_wither":1,"minecraft:enchanted_golden_apple":1,"minecraft:egg":1,"minecraft:lime_wool":1,"minecraft:stick":2,"lucky_blocks_ultimate_2:purple_gem":1,"minecraft:torch":6,"lucky_blocks_ultimate_2:totem_of_golem":2,"lucky_blocks_ultimate_2:gauntlet":1,"lucky_blocks_ultimate_2:super_lucky_armor_chestplate":1,"minecraft:prismarine_crystals":7,"minecraft:iron_horse_armor":1,"lucky_blocks_ultimate_2:obsidian_armor_chestplate":1,"lucky_blocks_ultimate_2:emerald_apple":2,"minecraft:stone_shovel":1,"minecraft:stone_sword":1,"minecraft:tnt":8,"minecraft:phantom_spawn_egg":1,"minecraft:quartz_block":40,"minecraft:rotten_flesh":4,"minecraft:arrow":27,"minecraft:diamond_chestplate":3,"lucky_blocks_ultimate_2:orb_of_confusion":1,"minecraft:diamond_boots":2,"minecraft:sandstone_stairs":6,"lucky_blocks_ultimate_2:gem_gauntlet":1,"minecraft:bookshelf":7,"minecraft:gold_ingot":37,"lucky_blocks_ultimate_2:rainbow_apple":5,"minecraft:ravager_spawn_egg":2,"minecraft:blaze_rod":1,"minecraft:panda_spawn_egg":1,"minecraft:iron_bars":2,"minecraft:netherite_boots":1,"minecraft:leather_chestplate":4,"minecraft:clock":1,"minecraft:magma_cream":13,"minecraft:water_bucket":2,"minecraft:salmon":1,"minecraft:leather":2,"minecraft:beacon":1,"minecraft:potato":78,"lucky_blocks_ultimate_2:green_gem":1,"minecraft:chainmail_chestplate":1,"lucky:lucky_block":31,"minecraft:lapis_lazuli":37,"minecraft:leather_boots":2,"minecraft:cooked_mutton":2,"minecraft:bone":13,"minecraft:bow":2,"minecraft:wheat_seeds":2,"minecraft:iron_ingot":18,"minecraft:stone_pickaxe":1,"minecraft:rabbit":10,"lucky_blocks_ultimate_2:ruby_armor_boots":1,"minecraft:stone_hoe":1,"minecraft:book":16,"minecraft:milk_bucket":1,"minecraft:sheep_spawn_egg":1,"minecraft:poisonous_potato":6,"minecraft:dropper":8,"lucky_blocks_ultimate_2:bomb":1,"minecraft:diamond_block":1,"minecraft:leather_helmet":2,"minecraft:diamond_shovel":1,"minecraft:stone_axe":2,"minecraft:slime_ball":5,"minecraft:tropical_fish_spawn_egg":1,"minecraft:diamond":35,"lucky_blocks_ultimate_2:jade_armor_helmet":1,"minecraft:chainmail_leggings":1,"minecraft:diamond_axe":1,"minecraft:painting":8,"minecraft:bone_meal":2,"minecraft:golden_apple":2,"minecraft:golden_horse_armor":1,"minecraft:emerald":37,"minecraft:baked_potato":45,"minecraft:jack_o_lantern":2,"minecraft:red_concrete":5,"minecraft:nether_star":1,"minecraft:ender_pearl":12,"minecraft:diamond_pickaxe":1},"minecraft:custom":{"minecraft:mob_kills":16,"minecraft:interact_with_anvil":1,"minecraft:interact_with_crafting_table":1,"minecraft:time_since_death":2477,"minecraft:damage_resisted":310,"minecraft:sprint_one_cm":149466,"minecraft:walk_one_cm":137991,"minecraft:damage_blocked_by_shield":75,"minecraft:drop":204,"minecraft:talked_to_villager":4,"minecraft:play_time":52350,"minecraft:deaths":33,"minecraft:sneak_time":64,"minecraft:walk_under_water_one_cm":60,"minecraft:jump":586,"minecraft:walk_on_water_one_cm":862,"minecraft:total_world_time":52350,"minecraft:time_since_rest":2518,"minecraft:damage_taken":9427,"minecraft:damage_absorbed":474,"minecraft:damage_dealt":1568,"minecraft:fly_one_cm":178955,"minecraft:player_kills":3,"minecraft:open_chest":5,"minecraft:crouch_one_cm":55,"minecraft:fall_one_cm":61980},"minecraft:mined":{"lucky_blocks_ultimate_2:rainbow_lucky_block":23,"lucky_blocks_ultimate_2:classic_lucky_block":1,"minecraft:jack_o_lantern":1,"lucky_blocks_ultimate_2:gem_lucky_block":3,"minecraft:fire":12,"minecraft:diamond_block":1,"minecraft:iron_bars":3,"lucky_blocks_ultimate_2:sculk_lucky_block":1,"lucky:lucky_block":109,"minecraft:tall_grass":3,"lucky_blocks_ultimate_2:amethyst_lucky_block":1,"lucky_blocks_ultimate_2:nether_lucky_block":2,"lucky_blocks_ultimate_2:nuclear_lucky_block":1,"minecraft:grass":1,"lucky_blocks_ultimate_2:murder_drones_lucky_block":1,"lucky_blocks_ultimate_2:debug_lucky_block":1},"minecraft:dropped":{"minecraft:stone_hoe":1,"minecraft:enchanted_book":4,"minecraft:iron_ingot":18,"minecraft:wheat_seeds":2,"minecraft:lapis_lazuli":29,"minecraft:tnt":8,"lucky_blocks_ultimate_2:obsidian_armor_chestplate":1,"minecraft:glass_bottle":1,"minecraft:diamond":30,"minecraft:nether_star":1,"minecraft:sandstone_stairs":6,"minecraft:poisonous_potato":6,"minecraft:prismarine_crystals":7,"minecraft:leather":2,"minecraft:iron_horse_armor":1,"lucky_blocks_ultimate_2:jade_armor_helmet":1,"minecraft:leather_helmet":2,"minecraft:stick":2,"minecraft:emerald":37,"minecraft:diamond_horse_armor":1,"minecraft:panda_spawn_egg":1,"minecraft:torch":6,"minecraft:wooden_axe":2,"minecraft:rabbit":9,"minecraft:netherite_boots":1,"minecraft:jack_o_lantern":2,"lucky_blocks_ultimate_2:super_lucky_armor_chestplate":1,"minecraft:potion":1,"minecraft:iron_leggings":1,"minecraft:gold_nugget":2,"lucky_blocks_ultimate_2:ruby_armor_boots":1,"minecraft:bone_meal":2,"minecraft:purple_wool":1,"minecraft:chainmail_leggings":1,"minecraft:gold_ingot":22,"minecraft:bone":10,"minecraft:stone_axe":2,"minecraft:ravager_spawn_egg":2,"minecraft:stone_sword":1,"minecraft:blaze_rod":1,"minecraft:stone_shovel":1,"minecraft:rotten_flesh":4,"lucky_blocks_ultimate_2:green_gem":1,"minecraft:blue_concrete":3,"minecraft:phantom_spawn_egg":1,"minecraft:ender_eye":6,"minecraft:cooked_mutton":2,"minecraft:chainmail_chestplate":1,"minecraft:leather_chestplate":5,"minecraft:potato":20,"minecraft:shield":2,"minecraft:diamond_chestplate":2,"minecraft:iron_chestplate":1,"minecraft:quartz_block":27,"minecraft:leather_boots":2,"minecraft:leather_leggings":2,"minecraft:slime_ball":5,"minecraft:painting":8,"minecraft:diamond_boots":1,"minecraft:rabbit_stew":7,"minecraft:beacon":1,"minecraft:bow":1,"minecraft:stone_pickaxe":1,"minecraft:beef":2,"minecraft:wooden_pickaxe":1,"minecraft:magma_cream":13,"lucky:lucky_sword":1,"lucky_blocks_ultimate_2:purple_gem":1,"minecraft:splash_potion":1,"minecraft:egg":1},"minecraft:broken":{"minecraft:leather_leggings":1},"minecraft:killed":{"minecraft:slime":6,"minecraft:zombie_horse":1,"minecraft:skeleton":1,"minecraft:llama":1,"minecraft:skeleton_horse":1,"minecraft:rabbit":1,"minecraft:blaze":1,"minecraft:cow":1},"minecraft:killed_by":{"minecraft:player":2,"minecraft:creeper":2,"minecraft:slime":3,"minecraft:llama":1,"minecraft:skeleton":1,"minecraft:blaze":1,"minecraft:wither":1},"minecraft:used":{"minecraft:shield":1,"lucky_blocks_ultimate_2:gem_gauntlet":2,"minecraft:vex_spawn_egg":1,"lucky_blocks_ultimate_2:emerald_apple":2,"lucky:lucky_block":31,"minecraft:tropical_fish_spawn_egg":1,"minecraft:bow":13,"minecraft:enchanted_golden_apple":1,"minecraft:ender_pearl":8,"lucky_blocks_ultimate_2:jade_armor_helmet":1,"minecraft:sheep_spawn_egg":1,"minecraft:diamond_axe":1,"minecraft:golden_apple":2,"minecraft:diamond_pickaxe":56,"minecraft:apple":2,"lucky_blocks_ultimate_2:rainbow_apple":5,"minecraft:stone_axe":2,"minecraft:diamond_sword":28,"minecraft:potion":1,"lucky_blocks_ultimate_2:rainbow_lucky_block":65,"minecraft:splash_potion":6},"minecraft:crafted":{"minecraft:diamond_helmet":1}},"DataVersion":3465}