{"stats":{"minecraft:custom":{"minecraft:time_since_rest":213,"minecraft:sprint_one_cm":11085,"minecraft:damage_taken":1470,"minecraft:walk_one_cm":11486,"minecraft:damage_dealt":48,"minecraft:swim_one_cm":15,"minecraft:fly_one_cm":13022,"minecraft:crouch_one_cm":109,"minecraft:play_time":7105,"minecraft:deaths":5,"minecraft:sneak_time":457,"minecraft:walk_under_water_one_cm":153,"minecraft:jump":164,"minecraft:walk_on_water_one_cm":132,"minecraft:leave_game":3,"minecraft:time_since_death":143,"minecraft:total_world_time":7105,"minecraft:fall_one_cm":2270},"minecraft:mined":{"minecraft:red_sand":1,"minecraft:sand":9,"minecraft:glass":4,"lucky:lucky_block":19,"minecraft:blue_wool":1},"minecraft:killed_by":{"minecraft:skeleton":1},"minecraft:used":{"minecraft:red_sand":1,"minecraft:bookshelf":6,"minecraft:diamond_sword":2,"minecraft:sand":6,"minecraft:bucket":1,"minecraft:milk_bucket":1},"minecraft:picked_up":{"minecraft:book":1,"minecraft:fishing_rod":1,"minecraft:milk_bucket":1,"minecraft:ender_chest":2,"minecraft:water_bucket":1,"minecraft:salmon":2,"minecraft:diamond_sword":1,"minecraft:diamond_horse_armor":1,"minecraft:sand":6,"minecraft:iron_horse_armor":1,"minecraft:lapis_lazuli":12,"minecraft:wooden_sword":1,"minecraft:pufferfish":3,"minecraft:diamond":11,"minecraft:tropical_fish":4,"minecraft:red_sand":1,"minecraft:bucket":2,"minecraft:golden_horse_armor":1,"minecraft:gold_ingot":14,"minecraft:painting":4,"minecraft:bookshelf":8,"minecraft:saddle":2,"minecraft:emerald":9,"minecraft:cod":2}},"DataVersion":3465}