{"stats":{"minecraft:custom":{"minecraft:time_since_rest":17607,"minecraft:sprint_one_cm":30258,"minecraft:damage_taken":1950,"minecraft:walk_one_cm":64309,"minecraft:drop":1,"minecraft:interact_with_crafting_table":1,"minecraft:fly_one_cm":1229691,"minecraft:open_chest":1,"minecraft:crouch_one_cm":1197,"minecraft:play_one_minute":109257,"minecraft:deaths":6,"minecraft:sneak_time":3152,"minecraft:walk_under_water_one_cm":1191,"minecraft:jump":234,"minecraft:leave_game":3,"minecraft:walk_on_water_one_cm":1166,"minecraft:time_since_death":17581,"minecraft:climb_one_cm":69,"minecraft:fall_one_cm":12203},"minecraft:used":{"minecraft:oak_fence":15,"minecraft:wheat_seeds":36,"minecraft:stone_brick_slab":11,"minecraft:water_bucket":26,"minecraft:enchanting_table":4,"minecraft:red_sand":258,"minecraft:command_block":21,"minecraft:red_wool":17,"lucky:lucky_block":34,"minecraft:grass_block":220,"minecraft:ladder":8,"minecraft:lime_wool":31,"minecraft:oak_planks":22,"minecraft:stone_button":6,"minecraft:blue_wool":18,"minecraft:chest":8,"minecraft:stone":168,"minecraft:smooth_quartz":533,"minecraft:stone_bricks":19,"minecraft:farmland":43,"minecraft:bedrock":615,"minecraft:white_wool":62,"minecraft:torch":42,"minecraft:sand":274,"minecraft:cobblestone":17,"minecraft:dirt":11,"minecraft:anvil":4,"minecraft:crafting_table":4,"minecraft:oak_sapling":8,"minecraft:furnace":4,"minecraft:white_stained_glass":87,"minecraft:stone_pressure_plate":10,"minecraft:spruce_fence":85,"minecraft:bone_meal":197,"minecraft:purple_wool":15},"minecraft:picked_up":{"minecraft:dandelion":1,"minecraft:stone_button":1,"lucky:lucky_block":1,"minecraft:cornflower":1,"minecraft:wheat_seeds":1,"minecraft:bone_meal":1,"minecraft:mutton":2,"minecraft:white_wool":1,"minecraft:egg":5},"minecraft:dropped":{"lucky:lucky_block":1}},"DataVersion":2586}