{"stats":{"minecraft:picked_up":{"minecraft:wooden_axe":1,"minecraft:sponge":2,"minecraft:blaze_spawn_egg":1,"minecraft:iron_chestplate":1,"minecraft:cooked_beef":1,"lucky_blocks_ultimate_2:jade_sword":1,"minecraft:rabbit_stew":7,"minecraft:wooden_pickaxe":1,"minecraft:cooked_rabbit":1,"lucky_blocks_ultimate_2:gem_lucky_block":64,"minecraft:mushroom_stew":2,"minecraft:gunpowder":1,"minecraft:wooden_hoe":1,"minecraft:lapis_lazuli":15,"minecraft:string":4,"lucky:lucky_bow":2,"minecraft:cooked_salmon":2,"lucky:lucky_potion":24,"minecraft:wooden_sword":1,"minecraft:iron_leggings":2,"minecraft:cooked_mutton":3,"minecraft:bone":2,"minecraft:bow":1,"minecraft:diamond_leggings":1,"lucky:lucky_sword":2,"minecraft:beef":1,"minecraft:iron_ingot":9,"minecraft:ender_eye":5,"minecraft:wooden_shovel":1,"minecraft:iron_sword":1,"minecraft:iron_boots":1,"minecraft:cooked_porkchop":1,"minecraft:yellow_concrete":17,"lucky_blocks_ultimate_2:lucky_block":1,"minecraft:cake":1,"minecraft:melon":1,"lucky_blocks_ultimate_2:ruby":8,"minecraft:carrot":3,"minecraft:diamond_block":64,"lucky_blocks_ultimate_2:nether_lucky_block":64,"minecraft:diamond":8,"lucky_blocks_ultimate_2:ender_lucky_block":1,"minecraft:quartz_block":14,"minecraft:oak_wood":1,"minecraft:stone_sword":1,"minecraft:rotten_flesh":3,"minecraft:tropical_fish":1,"minecraft:slime_block":1,"minecraft:iron_helmet":1,"minecraft:golden_apple":2,"minecraft:saddle":2,"minecraft:gold_ingot":13,"minecraft:emerald":12,"minecraft:baked_potato":1,"minecraft:mutton":2,"minecraft:iron_bars":2,"minecraft:ender_pearl":10,"minecraft:cobblestone":8},"minecraft:custom":{"minecraft:mob_kills":5,"minecraft:eat_cake_slice":1,"minecraft:leave_game":3,"minecraft:time_since_death":2569,"minecraft:damage_resisted":8,"minecraft:time_since_rest":2604,"minecraft:damage_absorbed":80,"minecraft:sprint_one_cm":36956,"minecraft:walk_one_cm":78563,"minecraft:damage_taken":5702,"minecraft:drop":80,"minecraft:damage_dealt":873,"minecraft:fly_one_cm":215950,"minecraft:open_chest":2,"minecraft:crouch_one_cm":1755,"minecraft:play_time":39189,"minecraft:deaths":12,"minecraft:sneak_time":462,"minecraft:jump":294,"minecraft:total_world_time":39189,"minecraft:fall_one_cm":23785,"minecraft:horse_one_cm":2624},"minecraft:mined":{"lucky_blocks_ultimate_2:slime_lucky_block":1,"lucky_blocks_ultimate_2:lucky_block":1,"minecraft:sponge":1,"lucky_blocks_ultimate_2:nether_lucky_block":2,"lucky_blocks_ultimate_2:nuclear_lucky_block":1,"lucky_blocks_ultimate_2:gem_lucky_block":1,"minecraft:iron_bars":2,"lucky_blocks_ultimate_2:murder_drones_lucky_block":1,"lucky:lucky_block":21},"minecraft:dropped":{"lucky_blocks_ultimate_2:slime_lucky_block":64,"lucky_blocks_ultimate_2:pastel_lucky_block":64,"lucky_blocks_ultimate_2:classic_lucky_block":64,"minecraft:diamond_block":128,"minecraft:lapis_lazuli":15,"minecraft:stone_sword":2,"lucky_blocks_ultimate_2:amethyst_lucky_block":64,"minecraft:diamond":8,"lucky_blocks_ultimate_2:sculk_lucky_block":64,"minecraft:bowl":2,"minecraft:cooked_porkchop":1,"minecraft:yellow_concrete":11,"minecraft:cobblestone":7,"minecraft:rotten_flesh":3,"minecraft:ender_eye":5,"minecraft:cooked_mutton":3,"minecraft:saddle":1,"lucky_blocks_ultimate_2:murder_drones_lucky_block":64,"lucky_blocks_ultimate_2:ender_lucky_block":2,"lucky_blocks_ultimate_2:ruby":8,"minecraft:tropical_fish":1,"minecraft:carrot":1,"minecraft:mushroom_stew":1,"minecraft:emerald":12,"lucky_blocks_ultimate_2:nuclear_lucky_block":64,"minecraft:wooden_hoe":1,"lucky_blocks_ultimate_2:yin_yang_lucky_block":64,"minecraft:oak_wood":2,"minecraft:wooden_axe":1,"minecraft:cake":1,"minecraft:cooked_salmon":2,"lucky_blocks_ultimate_2:gem_lucky_block":128,"minecraft:iron_leggings":2,"minecraft:wooden_sword":1,"minecraft:wooden_shovel":1,"lucky:lucky_bow":2,"minecraft:iron_bars":2,"lucky_blocks_ultimate_2:redstone_sword":1,"lucky_blocks_ultimate_2:nether_lucky_block":128,"lucky_blocks_ultimate_2:lucky_block":2,"lucky_blocks_ultimate_2:debug_lucky_block":64,"minecraft:beef":1,"minecraft:wooden_pickaxe":1,"minecraft:string":2,"minecraft:gold_ingot":13,"minecraft:bone":2},"minecraft:killed_by":{"minecraft:creeper":2},"minecraft:killed":{"minecraft:spider":1,"minecraft:zombie_horse":1,"minecraft:creeper":1,"minecraft:horse":1,"minecraft:skeleton_horse":1},"minecraft:used":{"minecraft:stone_sword":9,"lucky_blocks_ultimate_2:pastel_lucky_block":4,"minecraft:wooden_pickaxe":7,"lucky_blocks_ultimate_2:jade_sword":13,"lucky_blocks_ultimate_2:amethyst_lucky_block":4,"lucky:lucky_sword":2,"minecraft:diamond_block":7,"lucky_blocks_ultimate_2:debug_lucky_block":4,"minecraft:yellow_concrete":6,"minecraft:sponge":2,"minecraft:oak_wood":66,"lucky_blocks_ultimate_2:gem_lucky_block":10,"lucky_blocks_ultimate_2:sculk_lucky_block":7,"lucky_blocks_ultimate_2:slime_lucky_block":6,"minecraft:slime_block":1,"minecraft:oak_button":1,"lucky_blocks_ultimate_2:nether_lucky_block":8,"minecraft:rabbit_stew":2,"minecraft:blaze_spawn_egg":1,"lucky_blocks_ultimate_2:lucky_block":1,"lucky_blocks_ultimate_2:murder_drones_lucky_block":4,"lucky_blocks_ultimate_2:classic_lucky_block":4,"minecraft:cobblestone":1,"lucky_blocks_ultimate_2:yin_yang_lucky_block":4,"lucky:lucky_potion":7,"lucky_blocks_ultimate_2:nuclear_lucky_block":4}},"DataVersion":3465}