{"stats":{"minecraft:used":{"minecraft:lava_bucket":3,"minecraft:crying_obsidian":1,"minecraft:white_concrete":1,"minecraft:ender_chest":1},"minecraft:mined":{"minecraft:yellow_stained_glass":13},"minecraft:custom":{"minecraft:time_since_rest":5312,"minecraft:open_enderchest":1,"minecraft:play_time":5312,"minecraft:sprint_one_cm":7321,"minecraft:damage_taken":140,"minecraft:walk_one_cm":10714,"minecraft:drop":169,"minecraft:jump":57,"minecraft:time_since_death":5312,"minecraft:total_world_time":5312,"minecraft:fall_one_cm":1312,"minecraft:fly_one_cm":11055},"minecraft:dropped":{"minecraft:soul_campfire":1,"minecraft:campfire":1,"minecraft:soul_torch":10,"minecraft:nether_star":1,"minecraft:soul_lantern":5,"minecraft:obsidian":11,"minecraft:stick":1728},"minecraft:picked_up":{"minecraft:fishing_rod":1,"minecraft:stick":2696,"minecraft:ender_chest":2,"minecraft:birch_fence":3,"minecraft:cooked_porkchop":9,"minecraft:campfire":1,"minecraft:soul_lantern":5,"minecraft:torch":10,"minecraft:hay_block":13,"minecraft:enchanted_book":8,"minecraft:porkchop":16,"minecraft:white_concrete":9,"minecraft:soul_torch":10,"minecraft:crying_obsidian":8,"minecraft:obsidian":11,"minecraft:soul_campfire":1,"minecraft:nether_star":1,"minecraft:lantern":5}},"DataVersion":3465}