{"stats":{"minecraft:picked_up":{"lucky_blocks_ultimate_2:gem_lucky_block":64,"lucky_blocks_ultimate_2:lucky_block":1,"lucky_blocks_ultimate_2:ruby":8,"minecraft:gunpowder":1,"minecraft:diamond_block":64,"lucky_blocks_ultimate_2:nether_lucky_block":64,"minecraft:string":2,"lucky_blocks_ultimate_2:ender_lucky_block":1,"minecraft:oak_wood":1,"minecraft:stone_sword":1,"minecraft:bone":2,"minecraft:rotten_flesh":2},"minecraft:custom":{"minecraft:time_since_rest":26404,"minecraft:sprint_one_cm":18684,"minecraft:damage_taken":960,"minecraft:walk_one_cm":32868,"minecraft:mob_kills":2,"minecraft:drop":9,"minecraft:damage_dealt":330,"minecraft:fly_one_cm":183616,"minecraft:open_chest":1,"minecraft:crouch_one_cm":1492,"minecraft:play_time":27189,"minecraft:deaths":4,"minecraft:sneak_time":331,"minecraft:jump":160,"minecraft:leave_game":3,"minecraft:time_since_death":26377,"minecraft:total_world_time":27189,"minecraft:fall_one_cm":209},"minecraft:mined":{"lucky_blocks_ultimate_2:lucky_block":1},"minecraft:dropped":{"lucky_blocks_ultimate_2:slime_lucky_block":64,"minecraft:diamond_block":64,"minecraft:stone_sword":1,"minecraft:oak_wood":1,"lucky_blocks_ultimate_2:gem_lucky_block":64,"lucky_blocks_ultimate_2:lucky_block":1,"lucky_blocks_ultimate_2:nether_lucky_block":64,"lucky_blocks_ultimate_2:ruby":4,"lucky_blocks_ultimate_2:ender_lucky_block":1},"minecraft:killed":{"minecraft:spider":1,"minecraft:creeper":1},"minecraft:used":{"lucky_blocks_ultimate_2:gem_lucky_block":10,"lucky_blocks_ultimate_2:sculk_lucky_block":7,"minecraft:stone_sword":9,"lucky_blocks_ultimate_2:slime_lucky_block":6,"lucky_blocks_ultimate_2:pastel_lucky_block":4,"minecraft:oak_button":1,"lucky_blocks_ultimate_2:amethyst_lucky_block":4,"lucky_blocks_ultimate_2:nether_lucky_block":8,"lucky_blocks_ultimate_2:classic_lucky_block":4,"lucky_blocks_ultimate_2:lucky_block":1,"lucky_blocks_ultimate_2:murder_drones_lucky_block":4,"minecraft:diamond_block":7,"lucky_blocks_ultimate_2:yin_yang_lucky_block":4,"lucky_blocks_ultimate_2:debug_lucky_block":4,"minecraft:oak_wood":66,"lucky_blocks_ultimate_2:nuclear_lucky_block":4}},"DataVersion":3465}