{"stats":{"minecraft:custom":{"minecraft:mob_kills":3,"minecraft:leave_game":1,"minecraft:time_since_death":375,"minecraft:time_since_rest":416,"minecraft:sprint_one_cm":20995,"minecraft:open_enderchest":4,"minecraft:damage_taken":2150,"minecraft:walk_one_cm":17229,"minecraft:drop":86,"minecraft:damage_dealt":601,"minecraft:talked_to_villager":3,"minecraft:fly_one_cm":19443,"minecraft:open_chest":1,"minecraft:play_time":44520,"minecraft:deaths":8,"minecraft:sneak_time":62,"minecraft:jump":324,"minecraft:walk_on_water_one_cm":154,"minecraft:total_world_time":44520,"minecraft:fall_one_cm":9870},"minecraft:killed":{"minecraft:bat":2,"minecraft:slime":1},"minecraft:mined":{"minecraft:slime_block":3,"lucky:lucky_block":33},"minecraft:killed_by":{"minecraft:slime":1},"minecraft:dropped":{"minecraft:water_bucket":1,"minecraft:daylight_detector":1,"minecraft:wheat_seeds":1,"minecraft:diamond_axe":1,"minecraft:oak_pressure_plate":2,"minecraft:music_disc_chirp":1,"minecraft:ender_chest":2,"minecraft:tnt":6,"minecraft:golden_pickaxe":1,"minecraft:cookie":3,"minecraft:comparator":1,"lucky:lucky_potion":2,"minecraft:slime_block":2,"minecraft:golden_shovel":1,"minecraft:spruce_fence":1,"minecraft:light_weighted_pressure_plate":1,"minecraft:emerald":2,"minecraft:cod":3,"minecraft:music_disc_13":1,"minecraft:stick":3,"minecraft:pufferfish":1,"minecraft:lava_bucket":1,"minecraft:redstone_lamp":4,"minecraft:dirt":2,"minecraft:hay_block":8,"minecraft:milk_bucket":1,"minecraft:oak_button":2,"minecraft:heavy_weighted_pressure_plate":1,"minecraft:wooden_hoe":1,"minecraft:wooden_axe":1,"minecraft:quartz_stairs":2,"minecraft:diamond_helmet":1,"minecraft:wooden_shovel":1,"minecraft:golden_sword":1,"minecraft:stone_pressure_plate":2,"minecraft:wooden_sword":1,"minecraft:golden_hoe":1,"minecraft:wooden_pickaxe":1,"minecraft:sugar":5,"minecraft:quartz":1,"minecraft:music_disc_stal":1,"lucky:lucky_sword":2,"minecraft:fishing_rod":1,"minecraft:bucket":3,"minecraft:splash_potion":1,"minecraft:gold_ingot":2,"minecraft:redstone":2},"minecraft:used":{"minecraft:water_bucket":1,"minecraft:ender_chest":2,"minecraft:diamond_axe":11,"minecraft:dirt":9,"minecraft:smooth_quartz":5,"minecraft:fishing_rod":2,"lucky:lucky_potion":4,"minecraft:jukebox":1,"minecraft:purple_wool":3},"minecraft:picked_up":{"minecraft:wooden_axe":2,"minecraft:fishing_rod":1,"minecraft:purple_wool":3,"minecraft:splash_potion":1,"minecraft:ender_chest":4,"minecraft:salmon":4,"minecraft:water_bucket":2,"minecraft:redstone_lamp":4,"minecraft:golden_pickaxe":1,"minecraft:wooden_pickaxe":1,"minecraft:music_disc_stal":1,"minecraft:golden_shovel":2,"minecraft:golden_sword":1,"minecraft:heavy_weighted_pressure_plate":1,"minecraft:wooden_hoe":2,"minecraft:dirt":14,"lucky:lucky_bow":1,"lucky:lucky_potion":10,"minecraft:wooden_sword":1,"minecraft:quartz_slab":5,"minecraft:sticky_piston":4,"minecraft:pufferfish":5,"minecraft:bow":1,"minecraft:wheat_seeds":1,"minecraft:comparator":2,"lucky:lucky_sword":2,"minecraft:bucket":2,"minecraft:light_weighted_pressure_plate":1,"minecraft:wooden_shovel":2,"minecraft:smooth_quartz":5,"minecraft:diamond_helmet":1,"minecraft:quartz_stairs":2,"minecraft:music_disc_chirp":1,"minecraft:stick":3,"minecraft:nether_quartz_ore":16,"minecraft:milk_bucket":1,"minecraft:jukebox":1,"minecraft:music_disc_13":1,"minecraft:daylight_detector":1,"minecraft:quartz":26,"minecraft:oak_pressure_plate":2,"minecraft:spruce_fence":1,"minecraft:lava_bucket":1,"minecraft:stone_button":2,"minecraft:cookie":3,"minecraft:redstone":37,"minecraft:dragon_egg":1,"minecraft:stone_pressure_plate":2,"minecraft:tnt":6,"minecraft:quartz_block":12,"minecraft:sugar":5,"minecraft:slime_block":3,"minecraft:golden_hoe":1,"minecraft:hay_block":8,"minecraft:diamond_axe":1,"minecraft:oak_button":2,"minecraft:gold_ingot":8,"minecraft:emerald":3,"minecraft:cod":3,"minecraft:oxeye_daisy":1}},"DataVersion":3465}