{"stats":{"minecraft:killed_by":{"minecraft:slime":1},"minecraft:used":{"minecraft:ender_chest":2,"minecraft:dirt":9,"minecraft:quartz_block":4,"minecraft:smooth_quartz":5,"lucky:lucky_potion":13,"minecraft:enchanted_golden_apple":1,"minecraft:water_bucket":1,"lucky:lucky_sword":1,"minecraft:diamond_axe":11,"minecraft:golden_apple":1,"minecraft:iron_pickaxe":19,"minecraft:fishing_rod":2,"minecraft:potion":1,"minecraft:purple_wool":3,"minecraft:jukebox":1},"minecraft:crafted":{"minecraft:diamond_chestplate":1},"minecraft:killed":{"minecraft:slime":1,"minecraft:bat":2},"minecraft:mined":{"minecraft:cobblestone_stairs":1,"lucky:lucky_block":79,"minecraft:cobblestone":1,"minecraft:slime_block":3,"minecraft:cobweb":1,"minecraft:emerald_block":1},"minecraft:custom":{"minecraft:mob_kills":3,"minecraft:leave_game":2,"minecraft:time_since_death":12744,"minecraft:climb_one_cm":100,"minecraft:damage_resisted":127,"minecraft:sprint_one_cm":29153,"minecraft:walk_one_cm":35196,"minecraft:drop":236,"minecraft:talked_to_villager":6,"minecraft:play_time":56889,"minecraft:deaths":8,"minecraft:sneak_time":64,"minecraft:walk_under_water_one_cm":54,"minecraft:jump":516,"minecraft:walk_on_water_one_cm":758,"minecraft:total_world_time":56889,"minecraft:traded_with_villager":1,"minecraft:time_since_rest":12785,"minecraft:open_enderchest":4,"minecraft:damage_taken":2338,"minecraft:damage_absorbed":244,"minecraft:damage_dealt":601,"minecraft:interact_with_beacon":1,"minecraft:swim_one_cm":504,"minecraft:fly_one_cm":50159,"minecraft:open_chest":9,"minecraft:fall_one_cm":13673},"minecraft:dropped":{"minecraft:water_bucket":1,"minecraft:shulker_spawn_egg":1,"minecraft:daylight_detector":1,"minecraft:wheat_seeds":1,"minecraft:diamond_axe":2,"minecraft:oak_pressure_plate":2,"minecraft:tnt":6,"minecraft:golden_pickaxe":1,"minecraft:diamond":5,"minecraft:bookshelf":6,"minecraft:cookie":4,"minecraft:book":15,"minecraft:elder_guardian_spawn_egg":1,"lucky:lucky_potion":3,"minecraft:saddle":2,"minecraft:camel_spawn_egg":1,"minecraft:pufferfish":1,"minecraft:cod":3,"minecraft:music_disc_13":1,"minecraft:stick":3,"minecraft:light_weighted_pressure_plate":1,"minecraft:emerald":3,"minecraft:oxeye_daisy":2,"minecraft:lava_bucket":2,"minecraft:redstone_lamp":4,"minecraft:dirt":5,"minecraft:panda_spawn_egg":1,"minecraft:milk_bucket":1,"minecraft:stone_button":2,"minecraft:wooden_hoe":1,"minecraft:wooden_axe":2,"minecraft:diamond_helmet":1,"lucky:lucky_bow":1,"minecraft:wooden_sword":1,"minecraft:golden_hoe":1,"minecraft:sugar":14,"minecraft:string":1,"minecraft:fishing_rod":1,"minecraft:music_disc_stal":1,"minecraft:bucket":4,"minecraft:gold_ingot":2,"minecraft:redstone":37,"minecraft:emerald_block":1,"minecraft:music_disc_chirp":1,"minecraft:ender_chest":2,"minecraft:blaze_rod":6,"minecraft:sticky_piston":4,"minecraft:blue_wool":1,"minecraft:iron_hoe":1,"minecraft:comparator":2,"minecraft:slime_block":3,"minecraft:golden_shovel":2,"minecraft:spruce_fence":1,"minecraft:salmon":4,"minecraft:rabbit_foot":2,"minecraft:hay_block":8,"minecraft:oak_button":2,"minecraft:heavy_weighted_pressure_plate":1,"minecraft:dropper":8,"minecraft:dragon_egg":2,"minecraft:quartz_stairs":2,"minecraft:wooden_shovel":1,"minecraft:end_portal_frame":4,"minecraft:golden_sword":1,"minecraft:stone_pressure_plate":2,"minecraft:bow":1,"minecraft:wooden_pickaxe":1,"minecraft:nether_quartz_ore":16,"minecraft:quartz":26,"lucky:lucky_sword":3,"minecraft:splash_potion":1,"minecraft:quartz_slab":5},"minecraft:picked_up":{"minecraft:wooden_axe":2,"minecraft:fishing_rod":1,"minecraft:purple_wool":3,"minecraft:splash_potion":1,"minecraft:ender_chest":4,"minecraft:nether_wart":1,"minecraft:redstone_lamp":4,"minecraft:golden_pickaxe":2,"minecraft:wooden_pickaxe":1,"minecraft:potion":2,"minecraft:golden_shovel":3,"minecraft:golden_sword":2,"minecraft:heavy_weighted_pressure_plate":1,"minecraft:string":1,"lucky:lucky_potion":22,"minecraft:wooden_sword":1,"minecraft:quartz_slab":5,"minecraft:sticky_piston":4,"minecraft:pufferfish":5,"minecraft:gold_nugget":1,"minecraft:comparator":2,"lucky:lucky_sword":5,"minecraft:bucket":4,"minecraft:light_weighted_pressure_plate":1,"minecraft:ender_eye":2,"minecraft:wooden_shovel":2,"minecraft:smooth_quartz":5,"minecraft:iron_pickaxe":1,"minecraft:enchanted_golden_apple":2,"minecraft:quartz_stairs":2,"minecraft:blue_wool":6,"minecraft:stick":3,"minecraft:jukebox":1,"minecraft:spruce_fence":1,"minecraft:golden_axe":1,"minecraft:stone_button":2,"minecraft:cookie":26,"minecraft:shulker_spawn_egg":1,"minecraft:redstone":37,"minecraft:rabbit_foot":2,"minecraft:stone_pressure_plate":2,"minecraft:tnt":14,"minecraft:quartz_block":12,"minecraft:arrow":31,"minecraft:golden_hoe":2,"minecraft:hay_block":8,"minecraft:glistering_melon_slice":1,"minecraft:saddle":3,"minecraft:bookshelf":6,"minecraft:gold_ingot":28,"minecraft:blaze_rod":6,"minecraft:panda_spawn_egg":1,"minecraft:cod":3,"minecraft:blaze_powder":2,"minecraft:oxeye_daisy":2,"minecraft:elder_guardian_spawn_egg":1,"minecraft:magma_cream":1,"minecraft:water_bucket":3,"minecraft:salmon":4,"minecraft:music_disc_stal":1,"minecraft:end_portal_frame":4,"minecraft:wooden_hoe":2,"minecraft:dirt":14,"lucky:lucky_bow":4,"minecraft:bow":2,"minecraft:wheat_seeds":1,"minecraft:diamond_helmet":1,"minecraft:music_disc_chirp":1,"minecraft:book":15,"minecraft:ghast_tear":3,"minecraft:emerald_block":1,"minecraft:milk_bucket":2,"minecraft:nether_quartz_ore":16,"minecraft:music_disc_13":1,"minecraft:daylight_detector":1,"minecraft:quartz":26,"minecraft:oak_pressure_plate":2,"minecraft:lava_bucket":2,"minecraft:dropper":8,"minecraft:fermented_spider_eye":1,"minecraft:dragon_egg":2,"minecraft:spider_eye":2,"minecraft:camel_spawn_egg":1,"minecraft:iron_hoe":1,"minecraft:diamond_shovel":1,"minecraft:sugar":14,"minecraft:diamond":39,"minecraft:slime_block":3,"minecraft:diamond_axe":3,"minecraft:golden_apple":2,"minecraft:emerald":3,"minecraft:oak_button":2,"minecraft:ender_pearl":1}},"DataVersion":3465}