{"stats":{"minecraft:picked_up":{"minecraft:wooden_axe":1,"minecraft:fishing_rod":2,"minecraft:blaze_spawn_egg":1,"minecraft:splash_potion":1,"minecraft:iron_chestplate":2,"minecraft:leather_leggings":1,"minecraft:allium":11,"minecraft:azure_bluet":5,"minecraft:creeper_head":1,"minecraft:rabbit_stew":7,"lucky_blocks_ultimate_2:jade_sword":1,"minecraft:golden_pickaxe":1,"minecraft:wooden_pickaxe":1,"lucky_blocks_ultimate_2:gem_lucky_block":64,"minecraft:cooked_rabbit":9,"minecraft:potion":5,"minecraft:wither_rose":2,"minecraft:enchanted_book":5,"minecraft:diamond_horse_armor":2,"minecraft:blue_concrete":7,"minecraft:string":4,"lucky:lucky_potion":24,"minecraft:cooked_salmon":2,"minecraft:wooden_sword":3,"minecraft:iron_leggings":2,"minecraft:quartz_slab":5,"minecraft:blue_orchid":19,"minecraft:diamond_leggings":4,"lucky:lucky_sword":4,"minecraft:bucket":1,"minecraft:beef":1,"minecraft:player_head":1,"minecraft:ender_eye":5,"minecraft:wooden_shovel":1,"minecraft:poppy":12,"minecraft:iron_pickaxe":2,"minecraft:iron_boots":2,"minecraft:stick":1,"minecraft:sandstone":51,"lucky_blocks_ultimate_2:yellow_gem":1,"minecraft:torch":1,"lucky_blocks_ultimate_2:lucky_block":1,"minecraft:cake":1,"minecraft:cherry_log":7,"lucky_blocks_ultimate_2:ruby":8,"minecraft:carrot":3,"lucky_blocks_ultimate_2:super_lucky_armor_chestplate":1,"minecraft:iron_horse_armor":1,"lucky_blocks_ultimate_2:ender_lucky_block":1,"minecraft:tnt":37,"minecraft:quartz_block":97,"minecraft:stone_sword":1,"minecraft:arrow":41,"minecraft:rotten_flesh":3,"minecraft:tropical_fish":4,"minecraft:sandstone_stairs":1,"minecraft:pink_tulip":13,"minecraft:saddle":2,"minecraft:gold_ingot":46,"minecraft:white_wool":1,"minecraft:cod":1,"lucky_blocks_ultimate_2:super_lucky_armor_leggings":3,"minecraft:mutton":2,"minecraft:skeleton_skull":1,"minecraft:iron_bars":2,"minecraft:cobblestone":8,"minecraft:oxeye_daisy":10,"minecraft:sponge":2,"minecraft:leather_chestplate":1,"minecraft:cooked_beef":1,"minecraft:salmon":2,"minecraft:beacon":1,"minecraft:potato":6,"minecraft:mushroom_stew":2,"minecraft:chainmail_chestplate":1,"minecraft:gunpowder":1,"minecraft:wooden_hoe":1,"minecraft:lapis_lazuli":67,"lucky:lucky_bow":2,"minecraft:leather_boots":1,"minecraft:cooked_mutton":3,"minecraft:bone":4,"minecraft:bow":3,"minecraft:rabbit_hide":2,"minecraft:iron_ingot":35,"minecraft:diamond_helmet":2,"minecraft:rabbit":18,"minecraft:iron_sword":3,"minecraft:sculk_catalyst":14,"minecraft:nether_quartz_ore":3,"minecraft:cooked_porkchop":1,"lucky_blocks_ultimate_2:totem_of_shielding":2,"minecraft:yellow_concrete":44,"lucky_blocks_ultimate_2:amethyst_apple":4,"minecraft:quartz":16,"minecraft:melon":1,"minecraft:diamond_block":64,"lucky_blocks_ultimate_2:nether_lucky_block":64,"minecraft:dragon_egg":1,"lucky_blocks_ultimate_2:lucky_scythe":1,"minecraft:stone_axe":1,"minecraft:slime_ball":6,"minecraft:oak_wood":1,"minecraft:diamond_shovel":1,"minecraft:diamond":54,"minecraft:slime_block":1,"lucky_blocks_ultimate_2:blue_gem":2,"minecraft:iron_helmet":2,"minecraft:golden_apple":2,"minecraft:emerald":12,"minecraft:baked_potato":1,"minecraft:jack_o_lantern":3,"minecraft:nether_star":1,"minecraft:ender_pearl":10},"minecraft:custom":{"minecraft:mob_kills":13,"minecraft:eat_cake_slice":1,"minecraft:leave_game":3,"minecraft:time_since_death":162,"minecraft:damage_resisted":682,"minecraft:sprint_one_cm":101186,"minecraft:walk_one_cm":218590,"minecraft:drop":196,"minecraft:talked_to_villager":2,"minecraft:walk_under_water_one_cm":2067,"minecraft:play_time":87189,"minecraft:deaths":46,"minecraft:sneak_time":2599,"minecraft:jump":816,"minecraft:walk_on_water_one_cm":517,"minecraft:total_world_time":87189,"minecraft:interact_with_furnace":1,"minecraft:traded_with_villager":1,"minecraft:time_since_rest":215,"minecraft:damage_taken":385636,"minecraft:damage_absorbed":359,"minecraft:damage_dealt":3320,"minecraft:fly_one_cm":370808,"minecraft:player_kills":2,"minecraft:open_chest":7,"minecraft:crouch_one_cm":8201,"minecraft:fall_one_cm":67560,"minecraft:horse_one_cm":2624},"minecraft:mined":{"lucky_blocks_ultimate_2:rainbow_lucky_block":4,"lucky_blocks_ultimate_2:lucky_block":1,"lucky_blocks_ultimate_2:gem_lucky_block":1,"minecraft:iron_bars":2,"lucky:lucky_block":107,"lucky_blocks_ultimate_2:slime_lucky_block":1,"minecraft:quartz_block":2,"minecraft:torch":1,"minecraft:sponge":1,"lucky_blocks_ultimate_2:nether_lucky_block":2,"lucky_blocks_ultimate_2:nuclear_lucky_block":1,"lucky_blocks_ultimate_2:murder_drones_lucky_block":1},"minecraft:dropped":{"minecraft:enchanted_book":5,"minecraft:iron_ingot":35,"minecraft:iron_sword":3,"lucky_blocks_ultimate_2:pastel_lucky_block":64,"lucky_blocks_ultimate_2:classic_lucky_block":64,"minecraft:lapis_lazuli":67,"minecraft:cherry_log":7,"lucky_blocks_ultimate_2:amethyst_lucky_block":64,"minecraft:tnt":14,"minecraft:golden_pickaxe":1,"minecraft:ender_pearl":5,"minecraft:glass_bottle":2,"minecraft:diamond":8,"lucky:lucky_block":31,"lucky_blocks_ultimate_2:lucky_scythe":1,"lucky_blocks_ultimate_2:super_lucky_armor_leggings":4,"minecraft:yellow_concrete":38,"minecraft:cooked_porkchop":1,"minecraft:sandstone_stairs":1,"minecraft:diamond_leggings":2,"minecraft:iron_helmet":2,"minecraft:cobblestone":7,"lucky_blocks_ultimate_2:super_lucky_armor_boots":1,"minecraft:iron_horse_armor":1,"lucky_blocks_ultimate_2:murder_drones_lucky_block":64,"minecraft:saddle":2,"minecraft:tropical_fish":1,"minecraft:mushroom_stew":2,"minecraft:stick":1,"minecraft:emerald":12,"minecraft:oxeye_daisy":10,"minecraft:diamond_horse_armor":1,"minecraft:melon":1,"lucky_blocks_ultimate_2:nuclear_lucky_block":64,"lucky_blocks_ultimate_2:warden_armor_leggings":1,"lucky_blocks_ultimate_2:super_lucky_armor_helmet":1,"minecraft:wooden_hoe":1,"lucky_blocks_ultimate_2:yin_yang_lucky_block":64,"minecraft:mutton":2,"minecraft:wooden_axe":1,"minecraft:rabbit":18,"minecraft:cooked_salmon":2,"minecraft:jack_o_lantern":1,"minecraft:diamond_helmet":1,"lucky_blocks_ultimate_2:super_lucky_armor_chestplate":1,"minecraft:potion":3,"lucky_blocks_ultimate_2:redstone_sword":1,"minecraft:iron_leggings":2,"lucky:lucky_bow":2,"minecraft:wooden_sword":2,"minecraft:wither_rose":2,"lucky_blocks_ultimate_2:debug_lucky_block":64,"lucky_blocks_ultimate_2:nether_lucky_block":128,"minecraft:iron_pickaxe":1,"minecraft:fishing_rod":1,"minecraft:string":2,"minecraft:bucket":2,"lucky_blocks_ultimate_2:totem_of_shielding":1,"minecraft:gold_ingot":13,"minecraft:bone":4,"minecraft:pink_tulip":13,"lucky_blocks_ultimate_2:slime_lucky_block":64,"minecraft:creeper_head":1,"minecraft:diamond_block":128,"minecraft:player_head":1,"lucky_blocks_ultimate_2:amethyst_apple":4,"minecraft:stone_sword":2,"lucky_blocks_ultimate_2:blue_gem":1,"lucky_blocks_ultimate_2:sculk_lucky_block":64,"minecraft:bowl":5,"minecraft:rotten_flesh":3,"minecraft:iron_boots":1,"minecraft:blue_concrete":3,"minecraft:diamond_shovel":1,"minecraft:ender_eye":5,"minecraft:cooked_mutton":3,"lucky_blocks_ultimate_2:ender_lucky_block":2,"lucky_blocks_ultimate_2:ruby":8,"minecraft:azure_bluet":5,"minecraft:carrot":1,"minecraft:rabbit_hide":2,"minecraft:poppy":12,"minecraft:allium":11,"minecraft:skeleton_skull":1,"minecraft:oak_wood":2,"minecraft:iron_chestplate":1,"minecraft:dragon_egg":1,"minecraft:quartz_block":38,"minecraft:cake":1,"lucky_blocks_ultimate_2:gem_lucky_block":128,"minecraft:wooden_shovel":1,"lucky_blocks_ultimate_2:yellow_gem":1,"minecraft:beacon":1,"minecraft:blue_orchid":19,"minecraft:arrow":2,"lucky_blocks_ultimate_2:lucky_block":2,"minecraft:iron_bars":2,"minecraft:bow":2,"minecraft:beef":1,"minecraft:wooden_pickaxe":1,"minecraft:nether_quartz_ore":3,"minecraft:quartz":16,"lucky:lucky_sword":3,"minecraft:splash_potion":1,"minecraft:quartz_slab":5},"minecraft:broken":{"lucky_blocks_ultimate_2:frostbite_armor_boots":1,"lucky_blocks_ultimate_2:frostbite_armor_helmet":1,"lucky_blocks_ultimate_2:frostbite_armor_leggings":1,"lucky_blocks_ultimate_2:frostbite_armor_chestplate":1},"minecraft:killed":{"minecraft:spider":1,"minecraft:zombie_horse":1,"minecraft:horse":1,"minecraft:skeleton":1,"minecraft:skeleton_horse":2,"minecraft:creeper":1,"minecraft:sheep":5,"minecraft:cow":1},"minecraft:killed_by":{"minecraft:player":7,"minecraft:creeper":3,"minecraft:warden":1,"minecraft:silverfish":2,"minecraft:rabbit":2},"minecraft:used":{"minecraft:jack_o_lantern":1,"minecraft:stone_sword":9,"lucky_blocks_ultimate_2:lucky_scythe":7,"lucky_blocks_ultimate_2:jade_sword":14,"lucky_blocks_ultimate_2:bomb_hammer":9,"minecraft:carrot":2,"minecraft:oak_wood":66,"lucky_blocks_ultimate_2:sculk_lucky_block":7,"lucky_blocks_ultimate_2:slime_lucky_block":6,"lucky:lucky_block":35,"lucky_blocks_ultimate_2:nightmare_apple":1,"minecraft:slime_block":1,"minecraft:quartz_block":24,"lucky_blocks_ultimate_2:nether_lucky_block":8,"minecraft:blaze_spawn_egg":1,"minecraft:rabbit_stew":7,"lucky_blocks_ultimate_2:lucky_block":1,"minecraft:bow":42,"lucky_blocks_ultimate_2:yin_yang_lucky_block":4,"lucky:lucky_potion":24,"minecraft:water_bucket":4,"lucky_blocks_ultimate_2:jade_apple":3,"lucky_blocks_ultimate_2:pastel_lucky_block":4,"lucky_blocks_ultimate_2:super_lucky_armor_leggings":1,"lucky_blocks_ultimate_2:super_lucky_armor_helmet":1,"minecraft:baked_potato":1,"minecraft:ender_pearl":6,"minecraft:wooden_pickaxe":7,"lucky_blocks_ultimate_2:amethyst_lucky_block":4,"lucky:lucky_sword":2,"minecraft:salmon":2,"minecraft:golden_apple":2,"minecraft:diamond_block":7,"lucky_blocks_ultimate_2:void_claymore":4,"lucky_blocks_ultimate_2:debug_lucky_block":4,"minecraft:yellow_concrete":6,"minecraft:sponge":2,"lucky_blocks_ultimate_2:gem_lucky_block":10,"minecraft:oak_button":1,"minecraft:iron_pickaxe":4,"lucky_blocks_ultimate_2:super_lucky_armor_chestplate":1,"minecraft:potion":3,"minecraft:wooden_sword":2,"minecraft:fishing_rod":7,"lucky_blocks_ultimate_2:classic_lucky_block":4,"lucky_blocks_ultimate_2:murder_drones_lucky_block":4,"minecraft:cobblestone":1,"lucky_blocks_ultimate_2:cursed_axe":1,"minecraft:bucket":3,"lucky_blocks_ultimate_2:nuclear_lucky_block":4},"minecraft:crafted":{"minecraft:air":0,"minecraft:potion":1}},"DataVersion":3465}