{"stats":{"minecraft:picked_up":{"minecraft:wooden_axe":1,"minecraft:fishing_rod":1,"minecraft:blaze_spawn_egg":1,"minecraft:iron_chestplate":2,"minecraft:allium":11,"minecraft:azure_bluet":5,"minecraft:creeper_head":1,"minecraft:rabbit_stew":7,"lucky_blocks_ultimate_2:jade_sword":1,"minecraft:golden_pickaxe":1,"minecraft:wooden_pickaxe":1,"lucky_blocks_ultimate_2:gem_lucky_block":64,"minecraft:cooked_rabbit":9,"minecraft:wither_rose":2,"minecraft:enchanted_book":5,"minecraft:diamond_horse_armor":1,"minecraft:string":4,"lucky:lucky_potion":24,"minecraft:cooked_salmon":2,"minecraft:wooden_sword":2,"minecraft:iron_leggings":2,"minecraft:quartz_slab":5,"minecraft:blue_orchid":12,"minecraft:diamond_leggings":4,"lucky:lucky_sword":3,"minecraft:beef":1,"minecraft:player_head":1,"minecraft:ender_eye":5,"minecraft:wooden_shovel":1,"minecraft:poppy":12,"minecraft:iron_pickaxe":1,"minecraft:iron_boots":2,"minecraft:sandstone":35,"minecraft:torch":1,"lucky_blocks_ultimate_2:lucky_block":1,"minecraft:cake":1,"lucky_blocks_ultimate_2:ruby":8,"minecraft:carrot":3,"minecraft:iron_horse_armor":1,"lucky_blocks_ultimate_2:ender_lucky_block":1,"minecraft:tnt":22,"minecraft:quartz_block":57,"minecraft:stone_sword":1,"minecraft:arrow":22,"minecraft:rotten_flesh":3,"minecraft:tropical_fish":1,"minecraft:sandstone_stairs":1,"minecraft:pink_tulip":13,"minecraft:saddle":2,"minecraft:gold_ingot":31,"minecraft:mutton":2,"minecraft:skeleton_skull":1,"minecraft:iron_bars":2,"minecraft:cobblestone":8,"minecraft:oxeye_daisy":10,"minecraft:sponge":2,"minecraft:cooked_beef":1,"minecraft:beacon":1,"minecraft:mushroom_stew":2,"minecraft:gunpowder":1,"minecraft:wooden_hoe":1,"minecraft:lapis_lazuli":17,"lucky:lucky_bow":2,"minecraft:cooked_mutton":3,"minecraft:bone":4,"minecraft:bow":2,"minecraft:rabbit_hide":2,"minecraft:iron_ingot":9,"minecraft:diamond_helmet":2,"minecraft:rabbit":17,"minecraft:iron_sword":3,"minecraft:nether_quartz_ore":3,"minecraft:cooked_porkchop":1,"minecraft:yellow_concrete":44,"minecraft:quartz":16,"minecraft:melon":1,"minecraft:diamond_block":64,"lucky_blocks_ultimate_2:nether_lucky_block":64,"minecraft:dragon_egg":1,"minecraft:slime_ball":6,"minecraft:oak_wood":1,"minecraft:diamond_shovel":1,"minecraft:diamond":8,"minecraft:slime_block":1,"minecraft:iron_helmet":2,"minecraft:golden_apple":2,"minecraft:emerald":12,"minecraft:baked_potato":1,"minecraft:jack_o_lantern":2,"minecraft:ender_pearl":10},"minecraft:custom":{"minecraft:mob_kills":11,"minecraft:eat_cake_slice":1,"minecraft:leave_game":3,"minecraft:time_since_death":1289,"minecraft:damage_resisted":680,"minecraft:sprint_one_cm":74116,"minecraft:walk_one_cm":158665,"minecraft:drop":128,"minecraft:talked_to_villager":1,"minecraft:walk_under_water_one_cm":2067,"minecraft:play_time":63189,"minecraft:deaths":30,"minecraft:sneak_time":1138,"minecraft:jump":590,"minecraft:walk_on_water_one_cm":201,"minecraft:total_world_time":63189,"minecraft:interact_with_furnace":1,"minecraft:time_since_rest":1322,"minecraft:damage_taken":11594,"minecraft:damage_absorbed":240,"minecraft:damage_dealt":1204,"minecraft:fly_one_cm":306168,"minecraft:player_kills":2,"minecraft:open_chest":5,"minecraft:crouch_one_cm":4109,"minecraft:fall_one_cm":49134,"minecraft:horse_one_cm":2624},"minecraft:mined":{"lucky_blocks_ultimate_2:lucky_block":1,"lucky_blocks_ultimate_2:gem_lucky_block":1,"minecraft:iron_bars":2,"lucky:lucky_block":70,"lucky_blocks_ultimate_2:slime_lucky_block":1,"minecraft:quartz_block":2,"minecraft:torch":1,"minecraft:sponge":1,"lucky_blocks_ultimate_2:nether_lucky_block":2,"lucky_blocks_ultimate_2:nuclear_lucky_block":1,"lucky_blocks_ultimate_2:murder_drones_lucky_block":1},"minecraft:dropped":{"minecraft:enchanted_book":5,"minecraft:iron_sword":3,"lucky_blocks_ultimate_2:pastel_lucky_block":64,"lucky_blocks_ultimate_2:classic_lucky_block":64,"minecraft:lapis_lazuli":15,"lucky_blocks_ultimate_2:amethyst_lucky_block":64,"minecraft:tnt":14,"minecraft:golden_pickaxe":1,"minecraft:diamond":8,"minecraft:yellow_concrete":29,"minecraft:cooked_porkchop":1,"minecraft:sandstone_stairs":1,"minecraft:diamond_leggings":2,"minecraft:iron_helmet":1,"minecraft:cobblestone":7,"minecraft:iron_horse_armor":1,"lucky_blocks_ultimate_2:murder_drones_lucky_block":64,"minecraft:saddle":2,"minecraft:tropical_fish":1,"minecraft:mushroom_stew":1,"minecraft:emerald":12,"minecraft:oxeye_daisy":10,"lucky_blocks_ultimate_2:nuclear_lucky_block":64,"minecraft:wooden_hoe":1,"lucky_blocks_ultimate_2:yin_yang_lucky_block":64,"minecraft:mutton":2,"minecraft:wooden_axe":1,"minecraft:rabbit":17,"minecraft:cooked_salmon":2,"minecraft:diamond_helmet":1,"lucky_blocks_ultimate_2:redstone_sword":1,"minecraft:iron_leggings":2,"lucky:lucky_bow":2,"minecraft:wooden_sword":2,"minecraft:wither_rose":2,"lucky_blocks_ultimate_2:debug_lucky_block":64,"lucky_blocks_ultimate_2:nether_lucky_block":128,"minecraft:string":2,"minecraft:gold_ingot":13,"minecraft:bone":2,"lucky_blocks_ultimate_2:slime_lucky_block":64,"minecraft:diamond_block":128,"minecraft:stone_sword":2,"lucky_blocks_ultimate_2:sculk_lucky_block":64,"minecraft:bowl":5,"minecraft:rotten_flesh":3,"minecraft:iron_boots":1,"minecraft:ender_eye":5,"minecraft:cooked_mutton":3,"lucky_blocks_ultimate_2:ender_lucky_block":2,"lucky_blocks_ultimate_2:ruby":8,"minecraft:azure_bluet":5,"minecraft:carrot":1,"minecraft:rabbit_hide":2,"minecraft:poppy":12,"minecraft:allium":11,"minecraft:oak_wood":2,"minecraft:iron_chestplate":1,"minecraft:dragon_egg":1,"minecraft:cake":1,"lucky_blocks_ultimate_2:gem_lucky_block":128,"minecraft:wooden_shovel":1,"minecraft:beacon":1,"minecraft:blue_orchid":5,"minecraft:arrow":1,"lucky_blocks_ultimate_2:lucky_block":2,"minecraft:iron_bars":2,"minecraft:bow":1,"minecraft:beef":1,"minecraft:wooden_pickaxe":1,"lucky:lucky_sword":2},"minecraft:killed":{"minecraft:spider":1,"minecraft:zombie_horse":1,"minecraft:horse":1,"minecraft:skeleton":1,"minecraft:skeleton_horse":2,"minecraft:creeper":1,"minecraft:sheep":3,"minecraft:cow":1},"minecraft:killed_by":{"minecraft:player":2,"minecraft:creeper":2,"minecraft:silverfish":1},"minecraft:used":{"minecraft:jack_o_lantern":1,"minecraft:stone_sword":9,"lucky_blocks_ultimate_2:jade_sword":14,"minecraft:carrot":2,"minecraft:oak_wood":66,"lucky_blocks_ultimate_2:sculk_lucky_block":7,"lucky_blocks_ultimate_2:slime_lucky_block":6,"minecraft:slime_block":1,"minecraft:quartz_block":24,"lucky_blocks_ultimate_2:nether_lucky_block":8,"minecraft:blaze_spawn_egg":1,"minecraft:rabbit_stew":7,"lucky_blocks_ultimate_2:lucky_block":1,"minecraft:bow":40,"lucky_blocks_ultimate_2:yin_yang_lucky_block":4,"lucky:lucky_potion":24,"minecraft:water_bucket":4,"lucky_blocks_ultimate_2:pastel_lucky_block":4,"minecraft:baked_potato":1,"minecraft:ender_pearl":2,"minecraft:wooden_pickaxe":7,"lucky_blocks_ultimate_2:amethyst_lucky_block":4,"lucky:lucky_sword":2,"minecraft:golden_apple":2,"minecraft:diamond_block":7,"lucky_blocks_ultimate_2:debug_lucky_block":4,"minecraft:yellow_concrete":6,"minecraft:sponge":2,"lucky_blocks_ultimate_2:gem_lucky_block":10,"minecraft:oak_button":1,"minecraft:iron_pickaxe":4,"minecraft:wooden_sword":2,"minecraft:fishing_rod":7,"lucky_blocks_ultimate_2:classic_lucky_block":4,"lucky_blocks_ultimate_2:murder_drones_lucky_block":4,"minecraft:cobblestone":1,"minecraft:bucket":3,"lucky_blocks_ultimate_2:nuclear_lucky_block":4}},"DataVersion":3465}